epitope_class	protein	start	end	peptide	length	allele_count	best_rank	toxicity
B-cell	ompK36	42	55	HYFSDDKSVDGDQT	14	-	-	Non-Toxin
B-cell	ompK36	81	93	VQANNTESSSDQA	13	-	-	Non-Toxin
B-cell	ompK36	260	284	QTYNATRFSNGESDSISGFANKAQ	25	-	-	Non-Toxin
B-cell	phoE	43	55	YFSDYDSKDGDQT	13	-	-	Non-Toxin
B-cell	phoE	81	93	FSGNKTESDSSQK	13	-	-	Non-Toxin
B-cell	phoE	126	146	DMFPEFGGDSSAQTDNFMTKR	21	-	-	Non-Toxin
B-cell	phoE	210	228	SDRTNDQNLLARGQGSKAE	19	-	-	Non-Toxin
B-cell	phoE	249	264	ETRKMTPISGGFANKA	16	-	-	Non-Toxin
B-cell	ompA	40	63	HDTGFYGNGFQNNNGPTRNDQLGA	24	-	-	Non-Toxin
B-cell	ompA	131	152	DSKGNYASTGVSRSEHDTGVSP	22	-	-	Non-Toxin
B-cell	ompA	233	246	NFNKATLKPGEQQ	14	-	-	Non-Toxin
B-cell	ompA	273	286	RIGSEAYNQQLSEK	14	-	-	Non-Toxin
MHC-I	ompK36	322	330	KYVDVGATY	9	8	0.01	Non-Toxin
MHC-I	phoE	320	328	FVDYKINQL	9	8	0.03	Non-Toxin
MHC-I	phoE	342	350	VALGMTYQF	9	8	0.1	Non-Toxin
MHC-I	ompA	151	160	SPVFAGGVEW	10	7	0.03	Non-Toxin
MHC-I	ompA	193	201	LSLGVSYRF	9	7	0.04	Non-Toxin
MHC-II	ompK36	259	273	TQTYNATRFSGNGES	15	5	0.3	Non-Toxin
MHC-II	ompK36	139	153	SDNFLQSRANGVATY	15	4	0.01	Non-Toxin
MHC-II	phoE	198	212	GSDFAVSAAYTSSDR	15	5	0.01	Non-Toxin
MHC-II	phoE	9	23	MMMGFVASTATQAAE	15	4	0.07	Non-Toxin
MHC-II	phoE	10	24	MMGFVASTATQAAEV	15	4	0.11	Non-Toxin
MHC-II	phoE	238	252	ANNIYLATMYSETRK	15	4	0.3	Non-Toxin
MHC-II	phoE	193	207	SYDFGGSDFAVSAAY	15	4	0.34	Non-Toxin
MHC-II	ompA	342	356	IEVKGYKEVVTQPAA	15	6	0.08	Non-Toxin
MHC-II	ompA	41	55	DTGFYGNGFQNNNGP	15	5	0.09	Non-Toxin
MHC-II	ompA	40	54	HDTGFYGNGFQNNNG	15	5	0.2	Non-Toxin
